-- phpMyAdmin SQL Dump
-- version 4.2.3
-- http://www.phpmyadmin.net
--
-- Host: localhost
-- Generation Time: Feb 23, 2015 at 10:04 PM
-- Server version: 5.6.19
-- PHP Version: 5.5.18

SET SQL_MODE = "NO_AUTO_VALUE_ON_ZERO";
SET time_zone = "+00:00";


/*!40101 SET @OLD_CHARACTER_SET_CLIENT=@@CHARACTER_SET_CLIENT */;
/*!40101 SET @OLD_CHARACTER_SET_RESULTS=@@CHARACTER_SET_RESULTS */;
/*!40101 SET @OLD_COLLATION_CONNECTION=@@COLLATION_CONNECTION */;
/*!40101 SET NAMES utf8 */;

--
-- Database: `darwin`
--

-- --------------------------------------------------------

--
-- Table structure for table `celular`
--

CREATE TABLE IF NOT EXISTS `celular` (
`id_celular` int(25) NOT NULL,
  `id_posto` int(25) NOT NULL,
  `celular` varchar(50) DEFAULT NULL
) ENGINE=InnoDB  DEFAULT CHARSET=utf8 AUTO_INCREMENT=174 ;

--
-- Dumping data for table `celular`
--

INSERT INTO `celular` (`id_celular`, `id_posto`, `celular`) VALUES
(1, 0, NULL),
(2, 4, NULL),
(3, 11, NULL),
(4, 16, NULL),
(5, 35, NULL),
(6, 44, NULL),
(7, 45, NULL),
(8, 79, NULL),
(9, 100, NULL),
(10, 103, NULL),
(11, 123, NULL),
(12, 126, NULL),
(13, 143, NULL),
(14, 145, NULL),
(15, 152, NULL),
(16, 154, NULL),
(17, 157, NULL),
(18, 158, NULL),
(19, 163, NULL),
(20, 169, NULL),
(21, 171, NULL),
(22, 179, NULL),
(23, 183, NULL),
(24, 184, NULL),
(25, 188, NULL),
(26, 190, NULL),
(27, 202, NULL),
(28, 203, NULL),
(29, 216, NULL),
(30, 219, NULL),
(31, 220, NULL),
(32, 225, NULL),
(33, 235, NULL),
(34, 238, NULL),
(35, 239, NULL),
(36, 250, NULL),
(37, 252, NULL),
(38, 260, NULL),
(39, 270, NULL),
(40, 272, NULL),
(41, 274, NULL),
(42, 283, NULL),
(43, 293, NULL),
(44, 298, NULL),
(45, 302, NULL),
(46, 310, NULL),
(47, 324, NULL),
(48, 326, NULL),
(49, 348, NULL),
(50, 368, NULL),
(51, 370, NULL),
(52, 371, NULL),
(53, 372, NULL),
(54, 385, NULL),
(55, 407, NULL),
(56, 426, NULL),
(57, 451, NULL),
(58, 484, NULL),
(59, 502, NULL),
(60, 526, NULL),
(61, 541, NULL),
(62, 543, NULL),
(63, 548, NULL),
(64, 550, NULL),
(65, 561, NULL),
(66, 565, NULL),
(67, 574, NULL),
(68, 576, NULL),
(69, 585, NULL),
(70, 587, NULL),
(71, 591, NULL),
(72, 600, NULL),
(73, 602, NULL),
(74, 604, NULL),
(75, 629, NULL),
(76, 665, NULL),
(77, 671, NULL),
(78, 673, NULL),
(79, 713, NULL),
(80, 737, NULL),
(81, 741, NULL),
(82, 760, NULL),
(83, 763, NULL),
(84, 774, NULL),
(85, 788, NULL),
(86, 797, NULL),
(87, 798, NULL),
(88, 809, NULL),
(89, 839, NULL),
(90, 841, NULL),
(91, 890, NULL),
(92, 894, NULL),
(93, 925, NULL),
(94, 937, NULL),
(95, 948, NULL),
(96, 970, NULL),
(97, 977, NULL),
(98, 1003, NULL),
(99, 1006, NULL),
(100, 1013, NULL),
(101, 1021, NULL),
(102, 1036, NULL),
(103, 1067, NULL),
(104, 1099, NULL),
(105, 1101, NULL),
(106, 1110, NULL),
(107, 1119, NULL),
(108, 1120, NULL),
(109, 1122, NULL),
(110, 1125, NULL),
(111, 1165, NULL),
(112, 1200, NULL),
(113, 1234, NULL),
(114, 1248, NULL),
(115, 1251, NULL),
(116, 1253, NULL),
(117, 1286, NULL),
(118, 1289, NULL),
(119, 1291, NULL),
(120, 1309, NULL),
(121, 1313, NULL),
(122, 1319, NULL),
(123, 1349, NULL),
(124, 1354, NULL),
(125, 1364, NULL),
(126, 1426, NULL),
(127, 1437, NULL),
(128, 1449, NULL),
(129, 1467, NULL),
(130, 1472, NULL),
(131, 1473, NULL),
(132, 1474, NULL),
(133, 1504, NULL),
(134, 1515, NULL),
(135, 1536, NULL),
(136, 1538, NULL),
(137, 1539, NULL),
(138, 1552, NULL),
(139, 1567, NULL),
(140, 1623, NULL),
(141, 2175, NULL),
(142, 2191, NULL),
(143, 3654, NULL),
(144, 3655, NULL),
(145, 4836, NULL),
(146, 5112, NULL),
(147, 7523, NULL),
(148, 7806, NULL),
(149, 7813, NULL),
(150, 8368, NULL),
(151, 8375, NULL),
(152, 19944, NULL),
(153, 19946, NULL),
(154, 19947, NULL),
(155, 19962, NULL),
(156, 19992, NULL),
(157, 20007, NULL),
(158, 20043, NULL),
(159, 20057, NULL),
(160, 20090, NULL),
(161, 20145, NULL),
(162, 20149, NULL),
(163, 20150, NULL),
(164, 20190, NULL),
(165, 20213, NULL),
(166, 20238, NULL),
(167, 20320, NULL),
(168, 20321, NULL),
(169, 20322, NULL),
(170, 20323, NULL),
(171, 20325, NULL),
(172, 20583, NULL),
(173, 20586, NULL);

-- --------------------------------------------------------

--
-- Table structure for table `email`
--

CREATE TABLE IF NOT EXISTS `email` (
`id_email` int(25) NOT NULL,
  `id_posto` int(25) NOT NULL,
  `email` varchar(100) CHARACTER SET latin1 NOT NULL
) ENGINE=InnoDB  DEFAULT CHARSET=utf8 AUTO_INCREMENT=210 ;

--
-- Dumping data for table `email`
--

INSERT INTO `email` (`id_email`, `id_posto`, `email`) VALUES
(1, 0, 'danilo@own.com.br'),
(2, 4, 'gerencia@postocarvalho.com.br'),
(3, 11, 'postoeuropa@postoeuropa.com.br'),
(4, 16, 'postobelvedere@yahoo.com.br'),
(5, 35, 'postosaovito@uol.com.br'),
(6, 44, 'adm@postometa.com.br'),
(7, 45, 'global@postocampineira.com.br'),
(8, 79, 'postotaquaral@terra.com.br'),
(9, 100, 'postoultramarino@terra.com.br'),
(10, 103, 'comercioprimavera@terra.com.br'),
(11, 123, 'postotasca@uol.com.br'),
(12, 126, 'postocapivarao@uol.com.br'),
(13, 143, 'posto.flamboyant@terra.com.br'),
(14, 145, 'posto-flamingo@hotmail.com'),
(15, 152, 'fernando@posto3vias.com.br'),
(16, 154, 'postobabalu@terra.com.br'),
(17, 157, 'posto.presidente@redekeeper.com.br'),
(18, 158, 'dodo@postocampineira.com.br'),
(19, 163, 'postocascata@terra.com.br'),
(20, 169, 'mauriciocs@uol.com.br'),
(21, 171, 'conceicao@rederecreio.com.br'),
(22, 179, 'marciacsantos@uol.com.br'),
(23, 183, 'postorrcampinas@terra.com.br'),
(24, 184, 'itamaratycastelo@ig.com.br'),
(25, 188, 'postolica@terra.com.br'),
(26, 190, 'postommonteiro@uol.com.br'),
(27, 202, 'picarrao@terra.com.br'),
(28, 203, 'pspoiares@hotmail.com'),
(29, 216, 'postosantaodila@hotmail.com'),
(30, 219, 'vojoao@vojoao.com.br'),
(31, 220, 'autoshop@superig.com.br'),
(32, 225, 'administrativo@postofuturo.com.br'),
(33, 235, 'thamara@freitascontadores.com.br'),
(34, 238, 'julioecia@yahoo.com.br'),
(35, 239, 'refecard@uol.com.br'),
(36, 250, 'nsfatima@postocampineira.com.br'),
(37, 252, 'posto_andorinhas@terra.com.br'),
(38, 260, 'postolg@globo.com'),
(39, 270, 'pwll@mpc.com.br'),
(40, 272, 'norte@postocampineira.com.br'),
(41, 274, 'polezel@postocampineira.com.br'),
(42, 283, 'posto.garcia@hotmail.com'),
(43, 293, 'postoruyrodrigues@terra.com.br'),
(44, 298, 'posto.tupi@terra.com.br'),
(45, 302, 'ncampinas@postocampineira.com.br'),
(46, 310, 'postofjalmeida@hotmail.com'),
(47, 324, 'saojorge@conchalnet.com.br'),
(48, 326, 'ppelicanorede@hotmail.com'),
(49, 348, 'postocherokee@terra.com.br'),
(50, 368, 'postocalifornia@uol.com.br'),
(51, 370, 'posto.vargas@uol.com.br'),
(52, 371, 'postonovasuica@hotmail.com'),
(53, 372, 'gerencia.pimenta@hotmail.com'),
(54, 385, 'petrolam-itapira@uol.com.br'),
(55, 407, 'postomoraes@terra.com.br'),
(56, 426, 'autopostomonza@autopostomonza.com.br'),
(57, 451, 'posto.agapeama@redekeeper.com.br'),
(58, 484, 'posto.cidade@redekeeper.com.br'),
(59, 502, 'comercial.postos@redelagoazul.com.br'),
(60, 526, 'rodeio@postocampineira.com.br'),
(61, 541, 'colinas@posto.srv.br'),
(62, 543, 'redepostosp@uol.com.br'),
(63, 548, 'posto-boulevard@hotmail.com'),
(64, 550, 'castelo@redegraal.com.br'),
(65, 561, 'alinghi@redegaloazul.com.br'),
(66, 565, 'classea@redegaloazul.com.br'),
(67, 574, 'no@posto.srv.br'),
(68, 576, 'topaziodp@redegraal.com.br'),
(69, 585, 'aplouveira@terra.com.br'),
(70, 587, 'comercial.postos@redelagoazul.com.br'),
(71, 600, 'apcapela@superig.com.br'),
(72, 602, 'ap.cidadenova@hotmail.com'),
(73, 604, 'postocj@terra.com.br'),
(74, 629, 'apsantacruzmogi@gmail.com'),
(75, 665, 'postocanecao@uol.com.br'),
(76, 671, 'molonp@hotmail.com'),
(77, 673, 'adrianovm77@hotmail.com'),
(78, 713, 'comercialvaller@hotmail.com'),
(79, 737, 'gtcombustiveis@gtcombustiveis.com.br'),
(80, 741, 'postotasca@uol.com.br'),
(81, 760, 'vaver@superig.com.br'),
(82, 763, 'postomoradadosol@yahoo.com.br'),
(83, 774, 'postoaparecida@bol.com.br'),
(84, 788, 'xororo@terra.com.br'),
(85, 797, 'postoclaret@terra.com.br'),
(86, 798, 'postoclaret@terra.com.br'),
(87, 809, 'postosaltinho@hotmail.com'),
(88, 839, 'claudia@postopossense.com.br'),
(89, 841, 'petrolam-posse@uol.com.br'),
(90, 890, 'cidadenovaautoposto@terra.com.br'),
(91, 894, 'postokeeper@uol.com.br'),
(92, 925, 'postotapera@terra.com.br'),
(93, 937, 'postoslonguini.com@gmail.com'),
(94, 948, 'postodoosnir@terra.com.br'),
(95, 970, 'posto.avshopping@terra.com.br'),
(96, 977, 'postosucao@uol.com.br'),
(97, 1003, 'moisespostofadel@terra.com.br'),
(98, 1006, 'gtcombustiveis@gtcombustiveis.com.br'),
(99, 1013, 'postinho@postoeuropa.com.br'),
(100, 1021, 'postorecreio@terra.com.br'),
(101, 1036, 'autopostoformagio@hotmail.com'),
(102, 1067, 'vitoria.posto@hotmail.com'),
(103, 1099, 'postonovaveneza@terra.com.br'),
(104, 1101, 'postocapela@uol.com.br'),
(105, 1110, 'postodepetroleoetanoluniversitario@gmail.com'),
(106, 1119, 'posto.vitrine@terra.com.br'),
(107, 1120, 'soares.gandra@uol.com.br'),
(108, 1122, 'comercial.postos@redelagoazul.com.br'),
(109, 1125, 'posto@posto.srv.br'),
(110, 1165, 'posto.telles@redekeeper.com.br'),
(111, 1200, 'ap.arara@hotmail.com'),
(112, 1234, 'postoexpress@uol.com.br'),
(113, 1248, 'aja@conchalnet.com.br'),
(114, 1251, 'postoalgodoal@hotmail.com'),
(115, 1253, 'pdf.shell@terra.com.br'),
(116, 1286, 'postohotgas@hotmail.com'),
(117, 1289, 'alsouza@limeira.com.br'),
(118, 1291, 'postomarrakech@yahoo.com.br'),
(119, 1309, 'posto.kennedy@uol.com.br'),
(120, 1313, 'posto.fenix@uol.com.br'),
(121, 1319, 'financeiro@grupofck.com.br'),
(122, 1349, 'rafabrotto@yahoo.com.br'),
(123, 1354, 'posto.rioclaro@terra.com.br'),
(124, 1364, 'saojorge3@conchalnet.com.br'),
(125, 1426, 'ciro@grupotuga.com.br'),
(126, 1437, 'postoalphapollo@hotmail.com'),
(127, 1449, 'postosp@redepostosp.com.br'),
(128, 1467, 'postosp@redepostosp.com.br'),
(129, 1472, 'gtcombustiveis@gtcombustiveis.com.br'),
(130, 1473, 'postoferraz@terra.com.br'),
(131, 1474, 'ban56.posto@redegraal.com.br'),
(132, 1504, 'rivieratropical@hotmail.com'),
(133, 1515, 'autopostolagoabonita3@hotmail.com'),
(134, 1536, 'romeu125norte@redegraal.com.br'),
(135, 1538, 'postopiracicaba@yahoo.com.br'),
(136, 1539, '125sulposto@redegraal.com.br'),
(137, 1552, 'postostopcenter@hotmail.com'),
(138, 1567, 'postojdcolonial@uol.com.br'),
(139, 1623, 'radialnsposto@hotmail.com'),
(140, 2175, 'apolimpikus@terra.com.br'),
(141, 2191, 'joaocotia@hotmail.com'),
(142, 3654, 'pcarreteiro@terra.com.br'),
(143, 3655, 'pcarreteiro@terra.com.br'),
(144, 4836, 'apolimpikus@terra.com.br'),
(145, 5112, 'autopostoceci@uol.com.br'),
(146, 7523, 'postomarginal@uol.com.br'),
(147, 7806, 'posto@curycorp.com.br'),
(148, 7813, 'postoterras@mpc.com.br'),
(149, 8368, 'postodiorama@gmail.com'),
(150, 8375, 'posto_amigao@ig.com.br'),
(151, 19944, 'loja@redenbrasil.com.br'),
(152, 19946, 'postosvip@hotmail.com'),
(153, 19947, 'postosvip@hotmail.com'),
(154, 19962, 'adm.appi@terra.com.br'),
(155, 19992, 'americanense@postocampineira.com.br'),
(156, 20007, 'postovaleazul@bol.com.br'),
(157, 20043, 'postoesplanadadeindaia@yahoo.com.br'),
(158, 20057, 'postoportaldeamericana@bol.com.br'),
(159, 20090, 'postobongue@hotmail.com'),
(160, 20145, 'postocaptiva@gmail.com'),
(161, 20149, 'postosp@redepostosp.com.br'),
(162, 20150, 'nfv8itupeva@gmail.com'),
(163, 20190, 'postoportal@terra.com.br'),
(164, 20213, 'suelihexa@yahoo.com.br'),
(165, 20238, 'postodaspalmas@ig.com.br'),
(166, 20320, 'posto.bap@redekeeper.com.br'),
(167, 20321, 'posto.viasul@redekeeper.com.br'),
(168, 20322, 'priscila@redekeeper.com.br'),
(169, 20323, 'adm.delrey@redekeeper.com.br'),
(170, 20325, 'posto.jalisco@redekeeper.com.br'),
(171, 20583, 'postorecreio@terra.com.br'),
(172, 20586, 'limeiranea@posto.srv.br'),
(174, 35, 'arditoltda@uol.com.br'),
(175, 35, 'arditoltda@uol.com.br'),
(176, 1449, 'postosp@redepostosp.com.br'),
(177, 1449, 'postosp@redepostosp.com.br'),
(178, 2175, 'vanessa.olimpikus@hotmail.com'),
(179, 970, 'thi_adm@hotmail.com'),
(180, 1120, 'soaresgandra.walcyr@outlook.com'),
(181, 1122, 'seguranca@redelagoazul.com.br'),
(182, 2191, 'sandrocaliari@uol.com.br'),
(183, 19962, 'ricardoh.appi@gmail.com'),
(184, 1165, 'renata.keeper@redekeeper.com.br'),
(185, 1165, 'renata.keeper@redekeeper.com.br'),
(186, 1449, 'redepostosp@uol.com.br'),
(187, 123, 'postotasca@redetasca.com.br'),
(188, 1021, 'postorecreio.nfe@gmail.com'),
(189, 20583, 'postorecreio.nfe@gmail.com'),
(190, 561, 'postofrasquito@gmail.com'),
(191, 565, 'postoclassealimeira@gmail.com'),
(192, 1200, 'postoarara@hotmail.com'),
(193, 20090, 'pliniomegajr@hotmail.com'),
(194, 348, 'norivalposto@terra.com.br'),
(195, 1099, 'norivalposto@terra.com.br'),
(196, 385, 'luizfernandom@uol.com.br'),
(197, 1623, 'hericardoso@hotmail.com'),
(198, 574, 'gerenteno@posto.srv.br'),
(199, 19944, 'gerencia@redenbrasil.com.br'),
(200, 20323, 'gerencia.delrey@redekeeper.com.br'),
(201, 1013, 'financeiro@postoeuropa.com.br'),
(202, 809, 'financeiro@cassanotransportes.com.br'),
(203, 7813, 'emiliomartins7@gmail.com'),
(204, 298, 'dilmanfe@terra.com.br'),
(205, 1426, 'contabil@grupotuga.com.br'),
(206, 35, 'arditoltda@uol.com.br'),
(207, 763, 'anis.abdelnor@uol.com.br'),
(208, 20149, 'adm@redepostosp.com.br'),
(209, 372, 'adm.pimenta@yahoo.com.br');

-- --------------------------------------------------------

--
-- Table structure for table `login`
--

CREATE TABLE IF NOT EXISTS `login` (
`id_login` int(25) NOT NULL,
  `id_posto` int(25) NOT NULL,
  `cnpj` varchar(18) NOT NULL,
  `senha` varchar(50) DEFAULT NULL,
  `nivel_acesso` int(2) NOT NULL DEFAULT '0'
) ENGINE=InnoDB  DEFAULT CHARSET=utf8 AUTO_INCREMENT=174 ;

--
-- Dumping data for table `login`
--

INSERT INTO `login` (`id_login`, `id_posto`, `cnpj`, `senha`, `nivel_acesso`) VALUES
(1, 0, '00.000.000/0000-00', 'Own@12345', 1),
(2, 541, '00.146.450/0001-97', NULL, 0),
(3, 890, '00.270.091/0001-85', '75120890000001', 0),
(4, 977, '00.441.619/0001-31', NULL, 0),
(5, 1291, '00.549.028/0001-82', NULL, 0),
(6, 348, '00.641.406/0001-53', NULL, 0),
(7, 548, '01.012.260/0001-40', NULL, 0),
(8, 44, '01.189.724/0001-98', NULL, 0),
(9, 45, '01.369.330/0001-11', '69130101000133', 0),
(10, 809, '01.416.035/0001-79', '10710045300169', 0),
(11, 1006, '01.588.849/0001-90', NULL, 0),
(12, 2175, '01.629.109/0001-55', NULL, 0),
(13, 1021, '01.634.812/0001-51', NULL, 0),
(14, 1101, '01.756.471/0001-97', NULL, 0),
(15, 1036, '01.779.531/0001-97', NULL, 0),
(16, 20238, '01.981.336/0001-08', NULL, 0),
(17, 1099, '02.342.234/0001-42', NULL, 0),
(18, 1349, '02.562.482/0001-07', '02000068524721', 0),
(19, 385, '02.656.787/0001-70', '71026786050007', 0),
(20, 561, '02.800.690/0001-99', '92006089109000', 0),
(21, 260, '02.828.214/0001-86', NULL, 0),
(22, 1289, '02.882.483/0001-20', NULL, 0),
(23, 1253, '03.063.426/0001-82', NULL, 0),
(24, 1234, '03.103.861/0001-93', NULL, 0),
(25, 2191, '03.203.934/0001-19', NULL, 0),
(26, 798, '03.303.976/0001-21', NULL, 0),
(27, 797, '03.303.976/0002-02', NULL, 0),
(28, 7523, '03.581.094/0001-28', NULL, 0),
(29, 1449, '03.634.041/0001-28', '00064080342113', 0),
(30, 1319, '03.772.103/0001-68', NULL, 0),
(31, 1354, '03.796.292/0001-09', NULL, 0),
(32, 20322, '03.885.974/0001-98', NULL, 0),
(33, 1426, '04.212.620/0001-45', NULL, 0),
(34, 1364, '04.396.190/0001-69', NULL, 0),
(35, 302, '04.496.759/0001-68', '69547046910080', 0),
(36, 272, '04.582.424/0001-62', '00264422001845', 0),
(37, 1165, '04.680.512/0001-05', NULL, 0),
(38, 1536, '05.289.851/0001-10', NULL, 0),
(39, 1539, '05.289.870/0001-46', NULL, 0),
(40, 1474, '05.304.501/0001-85', NULL, 0),
(41, 1473, '05.436.590/0001-13', NULL, 0),
(42, 1309, '05.455.320/0001-50', '12500500055403', 0),
(43, 763, '05.503.367/0001-41', '35057311006040', 0),
(44, 1472, '05.550.018/0001-80', NULL, 0),
(45, 426, '05.554.881/0001-06', '55800000845161', 0),
(46, 250, '05.634.562/0001-00', '00506030416205', 0),
(47, 183, '06.011.917/0001-78', NULL, 0),
(48, 948, '06.203.158/0001-45', NULL, 0),
(49, 574, '07.014.538/0001-02', NULL, 0),
(50, 283, '07.017.009/0001-54', NULL, 0),
(51, 451, '07.072.944/0001-13', NULL, 0),
(52, 293, '07.118.207/0001-04', 'fabio', 0),
(53, 1437, '07.135.000/0001-48', NULL, 0),
(54, 1110, '07.375.328/0001-31', NULL, 0),
(55, 103, '07.425.818/0001-03', 'fabio', 0),
(56, 600, '07.551.516/0001-73', '55600130175701', 0),
(57, 1504, '07.591.385/0001-58', '17305598010058', 0),
(58, 543, '07.689.275/0001-23', NULL, 0),
(59, 123, '08.254.217/0001-30', NULL, 0),
(60, 1286, '08.741.982/0001-84', NULL, 0),
(61, 1120, '08.882.349/0001-06', NULL, 0),
(62, 1538, '08.958.446/0001-35', NULL, 0),
(63, 1313, '09.227.260/0001-79', '90219067000722', 0),
(64, 484, '09.257.037/0001-74', NULL, 0),
(65, 7813, '09.259.017/0001-32', NULL, 0),
(66, 1552, '09.538.449/0001-82', '40809819324050', 0),
(67, 1119, '10.257.070/0001-83', NULL, 0),
(68, 1515, '10.484.065/0001-03', '15084030041006', 0),
(69, 1623, '10.532.173/0001-04', NULL, 0),
(70, 1567, '10.549.635/0001-04', '53100900146540', 0),
(71, 8368, '11.189.343/0001-62', NULL, 0),
(72, 20150, '11.664.354/0001-57', NULL, 0),
(73, 1467, '11.761.454/0001-00', '51011000174064', 0),
(74, 8375, '11.876.803/0001-20', NULL, 0),
(75, 20213, '12.194.868/0001-00', NULL, 0),
(76, 1251, '12.987.271/0001-61', NULL, 0),
(77, 1067, '13.272.112/0001-43', NULL, 0),
(78, 20043, '13.719.450/0001-80', NULL, 0),
(79, 20145, '13.836.409/0001-94', '91363489104000', 0),
(80, 19944, '13.836.779/0001-21', NULL, 0),
(81, 407, '14.699.549/0001-20', NULL, 0),
(82, 20321, '15.669.570/0001-46', NULL, 0),
(83, 20090, '15.840.053/0001-98', NULL, 0),
(84, 20007, '16.734.804/0001-54', NULL, 0),
(85, 591, '16.965.157/0001-91', NULL, 0),
(86, 19962, '16.991.353/0001-30', NULL, 0),
(87, 20057, '17.018.089/0001-16', NULL, 0),
(88, 20190, '17.035.495/0001-97', '37970004150159', 0),
(89, 19992, '18.026.577/0001-38', '07001712830568', 0),
(90, 20149, '18.857.156/0001-59', '51051600897158', 0),
(91, 20583, '19.781.349/0001-36', NULL, 0),
(92, 20586, '20.236.439/0001-25', NULL, 0),
(93, 4, '43.090.752/0001-01', '07100541002930', 0),
(94, 324, '44.473.049/0001-37', NULL, 0),
(95, 154, '44.594.687/0001-06', '45086000697414', 0),
(96, 239, '44.604.627/0001-27', '06220677410440', 0),
(97, 171, '44.608.693/0001-75', NULL, 0),
(98, 235, '44.616.555/0001-38', NULL, 0),
(99, 190, '44.620.151/0001-18', NULL, 0),
(100, 671, '44.709.426/0001-94', '40410449702069', 0),
(101, 839, '45.328.671/0001-14', NULL, 0),
(102, 163, '45.787.306/0001-78', '64170357087800', 0),
(103, 145, '45.994.357/0001-70', NULL, 0),
(104, 270, '46.005.260/0001-50', NULL, 0),
(105, 238, '46.021.523/0001-15', NULL, 0),
(106, 298, '46.032.801/0001-30', NULL, 0),
(107, 526, '46.057.626/0001-35', '05246137000665', 0),
(108, 203, '46.092.987/0001-12', NULL, 0),
(109, 220, '46.123.758/0001-18', NULL, 0),
(110, 100, '46.345.658/0001-36', NULL, 0),
(111, 252, '46.654.372/0001-32', NULL, 0),
(112, 665, '46.964.839/0001-40', NULL, 0),
(113, 188, '48.187.744/0001-93', NULL, 0),
(114, 326, '48.302.244/0001-55', NULL, 0),
(115, 760, '48.845.713/0001-82', '48108547001832', 0),
(116, 3654, '49.084.890/0001-56', NULL, 0),
(117, 3655, '49.084.890/0002-37', NULL, 0),
(118, 152, '49.426.828/0001-03', NULL, 0),
(119, 184, '49.625.312/0001-80', '61015080022943', 0),
(120, 179, '49.805.088/0001-08', NULL, 0),
(121, 19946, '49.811.300/0001-40', NULL, 0),
(122, 310, '50.063.205/0001-94', NULL, 0),
(123, 274, '50.083.153/0001-18', NULL, 0),
(124, 20323, '50.524.388/0001-06', NULL, 0),
(125, 19947, '51.260.891/0001-56', NULL, 0),
(126, 576, '51.409.191/0001-80', NULL, 0),
(127, 550, '51.483.956/0001-22', NULL, 0),
(128, 841, '52.771.763/0001-30', '10177503607302', 0),
(129, 157, '53.631.297/0001-50', NULL, 0),
(130, 372, '53.668.398/0001-03', NULL, 0),
(131, 774, '54.083.431/0001-98', NULL, 0),
(132, 35, '54.214.101/0001-94', NULL, 0),
(133, 1003, '54.292.511/0001-53', '41102055523109', 0),
(134, 673, '54.343.595/0001-07', NULL, 0),
(135, 713, '54.365.770/0001-67', NULL, 0),
(136, 216, '55.494.710/0001-07', NULL, 0),
(137, 602, '55.509.384/0001-64', NULL, 0),
(138, 158, '56.009.756/0001-56', '66000559670501', 0),
(139, 143, '57.473.191/0001-26', '27970115036041', 0),
(140, 788, '58.459.447/0001-03', NULL, 0),
(141, 629, '58.972.605/0001-24', '45015608079022', 0),
(142, 4836, '59.065.490/0001-57', NULL, 0),
(143, 79, '59.305.383/0001-59', 'fabio', 0),
(144, 371, '59.620.914/0001-06', '00901401966502', 0),
(145, 202, '59.692.194/0001-86', NULL, 0),
(146, 1125, '59.778.423/0001-80', NULL, 0),
(147, 219, '59.867.317/0001-72', NULL, 0),
(148, 925, '60.192.960/0001-22', 'fabio', 0),
(149, 368, '60.342.466/0001-05', '00260536001446', 0),
(150, 5112, '60.570.033/0001-07', NULL, 0),
(151, 565, '60.578.101/0001-76', NULL, 0),
(152, 370, '61.005.740/0001-05', '70001010540056', 0),
(153, 737, '61.128.799/0001-90', NULL, 0),
(154, 16, '61.200.697/0001-39', NULL, 0),
(155, 169, '61.617.999/0001-07', NULL, 0),
(156, 604, '62.011.929/0001-73', NULL, 0),
(157, 20320, '62.537.121/0001-24', NULL, 0),
(158, 20325, '62.955.844/0001-43', NULL, 0),
(159, 1200, '64.528.508/0001-40', NULL, 0),
(160, 225, '64.784.283/0001-92', NULL, 0),
(161, 970, '65.645.079/0001-53', NULL, 0),
(162, 7806, '66.555.681/0001-62', NULL, 0),
(163, 11, '67.964.429/0001-70', NULL, 0),
(164, 1013, '67.964.429/0002-50', NULL, 0),
(165, 741, '68.290.030/0001-13', NULL, 0),
(166, 894, '69.196.855/0001-36', NULL, 0),
(167, 937, '72.861.099/0001-27', NULL, 0),
(168, 585, '72.908.189/0001-26', NULL, 0),
(169, 502, '72.911.837/0002-84', NULL, 0),
(170, 587, '72.911.837/0007-99', NULL, 0),
(171, 1122, '72.911.837/0009-50', NULL, 0),
(172, 1248, '74.644.485/0001-92', NULL, 0),
(173, 126, '96.366.364/0001-69', NULL, 0);

-- --------------------------------------------------------

--
-- Table structure for table `permissao`
--

CREATE TABLE IF NOT EXISTS `permissao` (
`id_permissao` int(25) NOT NULL,
  `id_posto` int(25) NOT NULL,
  `data` varchar(14) DEFAULT NULL,
  `status` tinyint(1) NOT NULL DEFAULT '0'
) ENGINE=InnoDB  DEFAULT CHARSET=latin1 AUTO_INCREMENT=175 ;

--
-- Dumping data for table `permissao`
--

INSERT INTO `permissao` (`id_permissao`, `id_posto`, `data`, `status`) VALUES
(1, 0, '02/2015', 1),
(2, 4, NULL, 0),
(3, 11, NULL, 0),
(4, 16, NULL, 0),
(5, 35, NULL, 0),
(6, 44, NULL, 0),
(7, 45, NULL, 0),
(8, 79, NULL, 0),
(9, 100, NULL, 0),
(10, 103, NULL, 0),
(11, 123, NULL, 0),
(12, 126, NULL, 0),
(13, 143, NULL, 0),
(14, 145, NULL, 0),
(15, 152, NULL, 0),
(16, 154, NULL, 0),
(17, 157, NULL, 0),
(18, 158, NULL, 0),
(19, 163, NULL, 0),
(20, 169, NULL, 0),
(21, 171, NULL, 0),
(22, 179, NULL, 0),
(23, 183, NULL, 0),
(24, 184, NULL, 0),
(25, 188, NULL, 0),
(26, 190, NULL, 0),
(27, 202, NULL, 0),
(28, 203, NULL, 0),
(29, 216, NULL, 0),
(30, 219, NULL, 0),
(31, 220, NULL, 0),
(32, 225, NULL, 0),
(33, 235, NULL, 0),
(34, 238, NULL, 0),
(35, 239, NULL, 0),
(36, 250, NULL, 0),
(37, 252, NULL, 0),
(38, 260, NULL, 0),
(39, 270, NULL, 0),
(40, 272, NULL, 0),
(41, 274, NULL, 0),
(42, 283, NULL, 0),
(43, 293, NULL, 0),
(44, 298, NULL, 0),
(45, 302, NULL, 0),
(46, 310, NULL, 0),
(47, 324, NULL, 0),
(48, 326, NULL, 0),
(49, 348, NULL, 0),
(50, 368, NULL, 0),
(51, 370, NULL, 0),
(52, 371, NULL, 0),
(53, 372, NULL, 0),
(54, 385, NULL, 0),
(55, 407, NULL, 0),
(56, 426, NULL, 0),
(57, 451, NULL, 0),
(58, 484, NULL, 0),
(59, 502, NULL, 0),
(60, 526, NULL, 0),
(61, 541, NULL, 0),
(62, 543, NULL, 0),
(63, 548, NULL, 0),
(64, 550, NULL, 0),
(65, 561, NULL, 0),
(66, 565, NULL, 0),
(67, 574, NULL, 0),
(68, 576, NULL, 0),
(69, 585, NULL, 0),
(70, 587, NULL, 0),
(71, 591, NULL, 0),
(72, 600, NULL, 0),
(73, 602, NULL, 0),
(74, 604, NULL, 0),
(75, 629, NULL, 0),
(76, 665, NULL, 0),
(77, 671, NULL, 0),
(78, 673, NULL, 0),
(79, 713, NULL, 0),
(80, 737, NULL, 0),
(81, 741, NULL, 0),
(82, 760, NULL, 0),
(83, 763, NULL, 0),
(84, 774, NULL, 0),
(85, 788, NULL, 0),
(86, 797, NULL, 0),
(87, 798, NULL, 0),
(88, 809, NULL, 0),
(89, 839, NULL, 0),
(90, 841, NULL, 0),
(91, 890, NULL, 0),
(92, 894, NULL, 0),
(93, 925, NULL, 0),
(94, 937, NULL, 0),
(95, 948, NULL, 0),
(96, 970, NULL, 0),
(97, 977, NULL, 0),
(98, 1003, NULL, 0),
(99, 1006, NULL, 0),
(100, 1013, NULL, 0),
(101, 1021, NULL, 0),
(102, 1036, NULL, 0),
(103, 1067, NULL, 0),
(104, 1099, NULL, 0),
(105, 1101, NULL, 0),
(106, 1110, NULL, 0),
(107, 1119, NULL, 0),
(108, 1120, NULL, 0),
(109, 1122, NULL, 0),
(110, 1125, NULL, 0),
(111, 1165, NULL, 0),
(112, 1200, NULL, 0),
(113, 1234, NULL, 0),
(114, 1248, NULL, 0),
(115, 1251, NULL, 0),
(116, 1253, NULL, 0),
(117, 1286, NULL, 0),
(118, 1289, NULL, 0),
(119, 1291, NULL, 0),
(120, 1309, NULL, 0),
(121, 1313, NULL, 0),
(122, 1319, NULL, 0),
(123, 1349, NULL, 0),
(124, 1354, NULL, 0),
(125, 1364, NULL, 0),
(126, 1426, NULL, 0),
(127, 1437, NULL, 0),
(128, 1449, NULL, 0),
(129, 1467, NULL, 0),
(130, 1472, NULL, 0),
(131, 1473, NULL, 0),
(132, 1474, NULL, 0),
(133, 1504, NULL, 0),
(134, 1515, NULL, 0),
(135, 1536, NULL, 0),
(136, 1538, NULL, 0),
(137, 1539, NULL, 0),
(138, 1552, NULL, 0),
(139, 1567, NULL, 0),
(140, 1623, NULL, 0),
(141, 2175, NULL, 0),
(142, 2191, NULL, 0),
(143, 3654, NULL, 0),
(144, 3655, NULL, 0),
(145, 4836, NULL, 0),
(146, 5112, NULL, 0),
(147, 7523, NULL, 0),
(148, 7806, NULL, 0),
(149, 7813, NULL, 0),
(150, 8368, NULL, 0),
(151, 8375, NULL, 0),
(152, 19944, NULL, 0),
(153, 19946, NULL, 0),
(154, 19947, NULL, 0),
(155, 19962, NULL, 0),
(156, 19992, NULL, 0),
(157, 20007, NULL, 0),
(158, 20043, NULL, 0),
(159, 20057, NULL, 0),
(160, 20090, NULL, 0),
(161, 20145, NULL, 0),
(162, 20149, NULL, 0),
(163, 20150, NULL, 0),
(164, 20190, NULL, 0),
(165, 20213, NULL, 0),
(166, 20238, NULL, 0),
(167, 20320, NULL, 0),
(168, 20321, NULL, 0),
(169, 20322, NULL, 0),
(170, 20323, NULL, 0),
(171, 20325, NULL, 0),
(172, 20583, NULL, 0),
(173, 20586, NULL, 0),
(174, 0, '03/2015', 1);

-- --------------------------------------------------------

--
-- Table structure for table `posto`
--

CREATE TABLE IF NOT EXISTS `posto` (
  `id_posto` int(25) NOT NULL,
  `razao_social` varchar(150) NOT NULL,
  `endereco` varchar(100) DEFAULT NULL,
  `complemento` varchar(25) DEFAULT NULL,
  `bairro` varchar(50) DEFAULT NULL,
  `cidade` varchar(50) DEFAULT NULL,
  `uf` varchar(2) DEFAULT NULL,
  `nome_contato` varchar(100) DEFAULT NULL,
  `bandeira` varchar(25) DEFAULT NULL
) ENGINE=InnoDB DEFAULT CHARSET=utf8;

--
-- Dumping data for table `posto`
--

INSERT INTO `posto` (`id_posto`, `razao_social`, `endereco`, `complemento`, `bairro`, `cidade`, `uf`, `nome_contato`, `bandeira`) VALUES
(0, 'Danilo', 'Rua Senador Feijó, 22', NULL, 'Centro', 'Valinhos', 'SP', 'Danilo', 'OWN'),
(4, 'MARTI AUTO POSTO LTDA', 'AV RUI BARBOSA, 764', '', 'VL BOM GOSTO', 'Aguaí', 'SP', 'DALVA REGINA MANCO MARTI', 'Raizen'),
(11, 'EUROPA EMPREENDIMENTOS LTDA MATRIZ', 'AV DOS IMIGRANTES, 465', '', 'TABOAO', 'Bragança Pta', 'SP', 'CRISTIANO ESCOBAR NOVAES PUPO', 'Raizen'),
(16, 'AUTO POSTO BELVEDERE LTDA', 'R ORLANDO DEI SANTI, 1554', '', 'JD BELVEDERE', 'Americana', 'SP', 'ERES MIRANDOLA', 'Branca'),
(35, 'G ARDITO & CIA LTDA', 'R SAO GABRIEL, 1195', '', 'VL BELVEDERE', 'Americana', 'SP', 'GUGLIARDO ARDITO', 'Ipiranga'),
(44, 'META & AMERICANA POSTO DE PETROLEO LTDA', 'AV CILLOS, 752', NULL, 'JD SAO PAULO', 'Americana', 'SP', NULL, NULL),
(45, 'AUTO POSTO GLOBAL DE CAMPINAS LTDA', 'R MARQUES DE VALENCA, 60', '', 'JD STA GENEBRA', 'Campinas', 'SP', 'CRISTIANO ROBERTO CANTUSIO ABRAHAO', 'Ipiranga'),
(79, 'POSTO PARQUE TAQUARAL LTDA', 'AV ALMEIDA GARRET, 1845', '', 'PRQ TAQUARAL', 'Campinas', 'SP', 'FLAVIO MARTINI DE SOUZA CAMPOS', 'Raizen'),
(100, 'AUTO POSTO ULTRAMARINO LTDA', 'ROD FERNAO DIAS S/N, 0', 'KM 40', 'JD IMPERIAL', 'Atibaia', 'SP', 'MARCOS NEMETH', 'Branca'),
(103, 'COMERCIO DE COMBUSTIVEIS PRIMAVERA LTDA', 'R MIOSOTIS, 10', '', 'CH PRIMAVERA', 'Campinas', 'SP', 'FLAVIO MARTINI DE SOUZA CAMPOS', 'Raizen'),
(123, 'TASQUINHA GAS PETRO LTDA', 'AV FELIPE SIQUEIRA, 101', '', 'CENTRO', 'Bragança Pta', 'SP', 'JOAO ROBERTO TASCA', 'Raizen'),
(126, 'JOAO R VALLE & CIA LTDA', 'AV DOM PEDRO I, 2526', '', 'TABOAO', 'Bragança Pta', 'SP', 'JOAO RUBENS VALLE', 'Ipiranga'),
(143, 'AFONSO MONTEIRO POSTO DE SERVICO LTDA', 'R CAJAMAR, 22', '', 'JD ALTO BARRA', 'Campinas', 'SP', 'LUIS CARLOS MONTEIRO', 'Ipiranga'),
(145, 'ALMEIDA & L OLIVEIRA COMERCIO DE COMBUSTIVEIS LTDA', 'AV JOHN BOYD DUNLOP, 460', '', 'JD AURELIA', 'Campinas', 'SP', 'L OLIVEIRA ADM PARTICIPACOES', 'Raizen'),
(152, 'POSTO TRES VIAS LTDA', 'VIA ANHANGUERA, 0', 'KM 105', 'NV APARECIDA', 'Campinas', 'SP', 'PACTUM PARTICIPACOES E INVESTIMENTOS LTDA', 'Raizen'),
(154, 'AUTO POSTO BABALU LTDA', 'AV ANDRADE NEVES, 1843', '', 'CASTELO', 'Campinas', 'SP', 'ENEIDA A SOBRAL JIRSCHIK', 'Branca'),
(157, 'COMERCIAL PRESIDENTE JUSCELINO LTDA', 'AV PRESIDENTE JUSCELINO, 395', '', 'JD C ELISEOS', 'Campinas', 'SP', 'ULISSES PINA', 'Raizen'),
(158, 'AUTO POSTO CAMPINEIRA LTDA', 'R ALBINO JOSE BARBOSA OLIVEIRA, 1480', '', 'BARAO GERALDO', 'Campinas', 'SP', 'CRISTIANO ROBERTO CANTUSIO ABRAHAO', 'Raizen'),
(163, 'AUTO POSTO CASCATA LTDA', 'AV BUENO DE MIRANDA, 489', '', 'VL INDUSTRIAL', 'Campinas', 'SP', 'ENEIDA A SOBRAL JIRSCHIK', 'Branca'),
(169, 'AUTO POSTO CHACARA FORMOSA LTDA', 'AV SUACUNA, 710', '', 'JD AEROPORTO', 'Campinas', 'SP', 'MAURICIO CARDOSO SANTOS', 'Ipiranga'),
(171, 'AUTO POSTO CONCEICAO LTDA', 'R IRMA SERAFINA, 811', NULL, 'CENTRO', 'Campinas', 'SP', NULL, NULL),
(179, 'AUTO POSTO ESKEMA LTDA', 'AV ANA BEATRIZ BIERREMBACH, 1215', '', 'VL MIMOSA', 'Campinas', 'SP', 'MAURICIO CARDOSO SANTOS', 'Ipiranga'),
(183, 'POSTO RR CAMPINAS LTDA', 'AV RUY RODRIGUES, 640', '', 'CPOS ELISEOS', 'Campinas', 'SP', 'LUIZ CARLOS MONTEIRO', 'Raizen'),
(184, 'AUTO POSTO ITAMARATY CASTELO LTDA', 'R ORLANDO CARPINO, 974', NULL, 'CASTELO', 'Campinas', 'SP', NULL, NULL),
(188, 'AUTO POSTO LICA LTDA', 'AV GOVERNADOR PEDRO DE TOLEDO, 1826', '', 'BONFIM', 'Campinas', 'SP', 'ENEIDA A SOBRAL JIRSCHIK', 'Branca'),
(190, 'AUTO POSTO MARIA MONTEIRO LTDA', 'R MARIA MONTEIRO, 1158', '', 'CAMBUI', 'Campinas', 'SP', 'RAFAEL MAURICIO DE GOUVEIA', 'Petrobras'),
(202, 'AUTO POSTO PICARRAO LTDA', 'AV JORGE TIBIRICA, 1500', '', 'JD OLIVEIRAS', 'Campinas', 'SP', 'JEAN FRANCISCO CAGLIARI', 'Petrobras'),
(203, 'AUTO POSTO POIARES LTDA', 'AV MONSENHOR GERONIMO BAGGIO, 216', '', 'N SRA AUXILI', 'Campinas', 'SP', 'ENEIDA A SOBRAL JIRSCHIK', 'Branca'),
(216, 'AUTO POSTO SANTA ODILA LTDA', 'R ENG AUGUSTO FIGUEIREDO, 1360', '', 'STA ODILA', 'Campinas', 'SP', 'HIRAN GALVAO ROCHAEL PEREIRA', 'Branca'),
(219, 'AUTO POSTO VO JOAO LTDA', 'AV ALBINO JOSE BARBOSA OLIVEIRA, 2151', NULL, 'BARAO GERALDO', 'Campinas', 'SP', NULL, NULL),
(220, 'AUTO SHOPP PAULISTA LTDA', 'R JASMIN, 10', NULL, 'CH PRIMAVERA', 'Campinas', 'SP', NULL, 'Raizen'),
(225, 'AUTO POSTO FUTURO LTDA', 'AV ALBINO JOSE BARBOSA DE OLIVEIRA, 360', NULL, 'BARAO GERALDO', 'Campinas', 'SP', NULL, 'Raizen'),
(235, 'AUTO POSTO VITORIA DE CAMPINAS LTDA', 'R ELDORADO, 250', '', 'JD ITATINGA', 'Campinas', 'SP', 'ANTONIO MILETO DE ANDUIA MONTEIRO DA SILVA', 'Branca'),
(238, 'JULIO FERNANDES & CIA LTDA', 'R ABOLICAO, 2114', '', 'PONTE PRETA', 'Campinas', 'SP', 'ANTONIO CARLOS FERNANDES', 'Ipiranga'),
(239, 'AUTO POSTO SANTO ANTONIO DE CAMPINAS LTDA', 'AV ENG ANTONIO FCO DE PAULA SOUZA, 1344', '', 'VL PARAISO', 'Campinas', 'SP', 'MANUEL RIBEIRO CARDOSO', 'Ipiranga'),
(250, 'POSTO AVENIDA NOSSA SENHORA DE FATIMA CAMPINAS LTDA', 'AV NOSSA SRA DE FATIMA, 1432', '', 'BELA VISTA', 'Campinas', 'SP', 'CRISTIANO ROBERTO CANTUSIO ABRAHAO', 'Raizen'),
(252, 'POSTO ANDORINHAS LTDA', 'AV JOSE DE SOUZA CAMPOS, 2101', '', 'CAMBUI', 'Campinas', 'SP', 'LUIS CARLOS MONTEIRO', 'Raizen'),
(260, 'AUTO POSTO LG LTDA', 'AV BRASIL, 1810', '', 'JD GUANABARA', 'Campinas', 'SP', 'MARIA ISABEL LEITE DE OLIVEIRA', 'Raizen'),
(270, 'POSTO WASHINGTON LUIZ LTDA', 'AV WASHINGTON LUIZ, 1032', NULL, 'JD LEONOR', 'Campinas', 'SP', NULL, 'Raizen'),
(272, 'POSTO JOSE DE SOUZA CAMPOS LTDA', 'AV JOSE DE SOUZA CAMPOS, 1320', '', 'NOVO CAMBUI', 'Campinas', 'SP', 'CRISTIANO ROBERTO CANTUSIO ABRAHAO', 'Ipiranga'),
(274, 'POSTO POLEZEL LTDA', 'R PAULA BUENO, 25', '', 'TAQUARAL', 'Campinas', NULL, 'CRISTIANO ROBERTO CANTUSIO ABRAHAO', 'Ipiranga'),
(283, 'POSTO GARCIA DE CAMPINAS LTDA', 'ROD ANHGUERA, 0', 'KM 99', 'JD EULINA', 'Campinas', NULL, 'LUIZ CARLOS MONTEIRO', 'Raizen'),
(293, 'COMERCIO DE COMBUSTIVEIS RUY RODRIGUES LTDA', 'AV RUY RODRIGUES, 1587', '', 'CPOS ELISEOS', 'Campinas', NULL, 'FLAVIO MARTINI DE SOUZA CAMPOS', 'Raizen'),
(298, 'MONTEMOS DISTRIBUIDORA DE COMBUSTIVEIS LTDA', 'AV BARAO DE ITAPURA, 1941', '', 'GUANABARA', 'Campinas', NULL, 'JOAO EMIDIO VIEIRA CALDEIRA', 'Ipiranga'),
(302, 'NOVA CAMPINAS COMERCIO COMBUSTIVEIS LTDA', 'R ENG CARLOS STEVENSON, 292', '', 'NV CAMPINAS', 'Campinas', NULL, 'CRISTIANO ROBERTO CANTUSIO ABRAHAO', 'Raizen'),
(310, 'FJ ALMEIDA & CIA LTDA', 'R BENTO DIAS, 60', '', 'CENTRO', 'Capivari', NULL, 'FRANCISCO JOSE G DE ALMEIDA', 'Raizen'),
(324, 'SAO JORGE COMERCIO DE COMBUSTIVEIS LTDA', 'R MOGI MIRIM, 15', '', 'CENTRO', 'Conchal', NULL, 'EDSON BLASCKE', 'Branca'),
(326, 'AUTO POSTO PELICANO DE CORDEIROPOLIS LTDA', 'R SETE DE SETEMBRO, 692', '', 'CENTRO', 'Cordeirópolis', NULL, 'PAULO ADALBERTO PERUCHI', 'Branca'),
(348, 'CHEROKEE GRAN POSTO LTDA', 'ROD ANHANGUERA, 0', 'KM 116+231 MTS', 'CH ACAPULCO', 'Nova Odessa', NULL, 'ENEIDA A SOBRAL JIRSCHIK', 'Petrobras'),
(368, 'AUTO POSTO JARDIM CALIFORNIA LTDA', 'R DOS INDAIAS, 1331', '', 'VL BRIZOLA', 'Indaiatuba', NULL, 'EDMILSON MARTINS', 'Raizen'),
(370, 'ABDELNOR IV COMERCIO DE COMBUSTIVEIS LTDA', 'AV PRESIDENTE VARGAS, 280', '', 'VL VITORIA 2', 'Indaiatuba', NULL, 'ANIS ABDELNOR', 'Ipiranga'),
(371, 'AUTO POSTO NOVA SUICA LTDA', 'AV CONCEICAO, 3050', '', 'VL AREAL', 'Indaiatuba', NULL, 'HELDER JOSE GUIMARAES', 'Raizen'),
(372, 'AUTO POSTO PIMENTA LTDA', 'R JACOB LYRA, 1100', '', 'JD M DO SOL', 'Indaiatuba', NULL, 'ANDRE CRISAFULLI', 'Raizen'),
(385, 'ITAPIRENSE COMBUSTIVEIS LTDA', 'AV CASTRO ALVES, 574', '', 'BOA VISTA', 'Itapira', NULL, 'LUIZ ANTONIO MENUZZO', 'Raizen'),
(407, 'AUTO POSTO JARDIM ITIRAPINA LTDA', 'AV SETE, 340', '', 'CENTRO', 'Itirapina', NULL, 'LUCIANE MORAES', 'Branca'),
(426, 'MARIA DOLORES BADARI ANDRADE EPP', 'R CAPITAO ANTONIO MATHIAS, 139', '', 'CENTRO', 'Joanópolis', NULL, 'MARIA DOLORES BADARI ANDRADE', 'Branca'),
(451, 'POSTO AGAPEAMA LTDA', 'R VARZEA PAULISTA, 720', NULL, 'AGAPEAMA', 'Jundiaí', 'SP', NULL, 'Ipiranga'),
(484, 'CIDADE DO VINHO COMERCIO VAREJISTA DE COMBUSTIVEIS LTDA', 'R BOM JESUS DE PIRAPORA, 1700', '', 'BONFIGLIOLI', 'Jundiaí', NULL, 'ULISSES PINA', 'Raizen'),
(502, 'ORGANIZACAO COMERCIAL LAGO AZUL LTDA MATRIZ', 'VIA ANHANGUERA, 0', 'KM 72', 'STO ANTONIO', 'Louveira', NULL, 'CASSIO BENEDITO FRAIHA LOURENCAO', 'Ipiranga'),
(526, 'SUPER AUTO POSTO RODEIO LTDA', 'R MAJOR SOLON, 1020', '', 'CAMBUI', 'Campinas', NULL, 'CRISTIANO ROBERTO CANTUSIO ABRAHAO', 'Branca'),
(541, 'AUTO POSTO COLINAS DE SAO JOAO LTDA', 'AV ANTONIO CRUANES FILHO, 4100', '', 'JD STA CECILIA', 'Limeira', NULL, 'RENATO ADRIANO ROCHA CAMARGO', 'Ipiranga'),
(543, 'POSTO QUALAS LTDA', 'AV PIRACICABA, 560', '', 'JD PIRATININGA', 'Limeira', NULL, 'RAFAEL PIFALDINI', 'Branca'),
(548, 'AUTO POSTO BOULEVARD LTDA', 'AV LIX DA CUNHA, 200', '', 'VL INDUSTRIAL', 'Campinas', NULL, 'L OLIVEIRA ADM PARTICIPACOES LTDA', 'Raizen'),
(550, 'AUTO POSTO RESTAURANTE CASTELO LTDA', 'ROD ANHANGUERA, 0', 'KM 150', 'DO FERRAO', 'Limeira', 'SP', NULL, NULL),
(561, 'AUTO POSTO ALINGHI LTDA', 'R TREZE DE MAIO, 687', '', 'CENTRO', 'Limeira', NULL, 'JOSE ANTONIO DE LIMA GERALDELLO', 'Ipiranga'),
(565, 'AUTO POSTO CLASSE A LTDA', 'AV SAUDADE, 1645', '', 'CENTRO', 'Limeira', NULL, 'ANTONIO JULIO MACORANO', 'Ipiranga'),
(574, 'AUTO POSTO N O LTDA', 'AV MAJOR JOSE LEVY SOBRINHO, 1516', ' ', 'BOA VISTA', 'Limeira', 'SP', NULL, NULL),
(576, 'RODOPOSTO TOPAZIO LTDA', 'ROD ANHANGUERA, 0', 'KM 140+100 MTS', 'ZONA RURAL', 'Limeira', NULL, 'AJDM PARTICIPACOES', 'Petrobras'),
(585, 'AUTO POSTO LOUVEIRA LTDA', 'R ARMANDO STECK, 29', '', 'CENTRO', 'Louveira', NULL, 'AURENICE TEIXEIRA CASTIGLIA', 'Raizen'),
(587, 'ORGANIZACAO COMERCIAL LAGO AZUL LTDA FILIAL', 'ROD BANDEIRANTES, 0', 'KM 58,266', 'CASA BRANCA', 'Jundiaí', NULL, 'CASSIANO BENEDITO FRAIHA LOURENCAO', 'Ipiranga'),
(591, 'AUTO POSTO PORTAL DE LIMEIRA LTDA', 'R MAJOR FCO BARCELLOS, 778', '', 'JD GLORIA', 'Limeira', NULL, 'JOSE ANTONIO DE LIMA GERALDELLO', 'Ipiranga'),
(600, 'AUTO POSTO CAPELA BANDEIRANTES LTDA', 'AV BANDEIRANTES, 270', '', 'CAPELA', 'Mogi Guaçu', NULL, 'ROBERTO ANTONIALLI JUNIOR', 'Raizen'),
(602, 'AUTO POSTO PARQUE CIDADE NOVA LTDA', 'AV BANDEIRANTES, 1135', '', 'PRQ CID NOVA', 'Mogi Guaçu', NULL, 'ANTONIO RICARDO ZORZETO', 'Raizen'),
(604, 'AUTO CENTER CIDADE JARDIM PIRASSUNUNGA LTDA', 'AV FELIPE BOLLER JUNIOR, 3999', '', 'CID JARDIM', 'Pirassununga', NULL, 'ZILDA LUCIA DOS SANTOS CARVALHO', 'Branca'),
(629, 'AUTO POSTO SANTA CRUZ DE MOGI MIRIM LTDA', 'R SANTA CRUZ, 1198', '', 'SANTA CRUZ', 'Mogi Mirim ', NULL, 'LUIZ ANTONIO MENUZZO', 'Raizen'),
(665, 'AUTO POSTO GOUVEIA LTDA', 'AV WANDERLEY JOSE VICENTINI, 486', '', 'VL CANESSO', 'Pedreira', NULL, 'ALEXANDRE MAGNO DOS SANTOS GOUVEIA', 'Ipiranga'),
(671, 'AUTO POSTO MOLON LTDA', NULL, NULL, NULL, 'Piracaia', 'SP', NULL, NULL),
(673, 'MOLON & MOLON LTDA', 'AV DR ALIPIO FERREIRA, 52', '', 'CENTRO', 'Piracaia', NULL, 'IVANETE APARECIDA PINHEIRO MOLON', 'Branca'),
(713, 'COMERCIAL VALLER LTDA', 'AV PRIMEIRO DE AGOSTO, 111', '', 'VILA AREAO', 'Piracicaba', NULL, 'ANA MARINA VALLER MUNHOZ SEGA', 'Branca'),
(737, 'TIGER AUTO POSTO LTDA', 'AV LIMEIRA, 950', '', 'AREIAO', 'Piracicaba', NULL, 'AUGUSTO CESAR BROCCHI MAFIA', 'Raizen'),
(741, 'TASCA AUTO POSTO LTDA', 'AV DOS IMIGRANTES, 2171', '', 'CENTRO', 'Bragança Pta', NULL, 'SILVIA DUART MALUF', 'Raizen'),
(760, 'VA VER COMERCIO COMBUSTIVEIS LTDA', NULL, NULL, NULL, 'Porto Ferreira', 'SP', NULL, NULL),
(763, 'ABDELNOR COMERCIO DE COMBUSTIVEIS LTDA', 'AV ARIO BARNABE, 326', '', 'JD M DO SOL', 'Indaiatuba', NULL, 'ANIS ABDELNOR', 'Raizen'),
(774, 'ARTHUR MACKEY & CIA LTDA', 'AV TRINTA E DOIS, 74', '', 'APARECIDA', 'Rio Claro', NULL, 'ARTHUR MACKEY', 'Branca'),
(788, 'AUTO POSTO XORORO LTDA', 'R SEIS, 3641', '', 'ALTO SANTANA', 'Rio Claro', NULL, 'PEDRO VAIL ARNOSTI', 'Branca'),
(797, 'POSTO CLARET LTDA FILIAL', 'AV BRASIL, 2277', '', 'JD FLORIDIANA', 'Rio Claro', NULL, 'FRANCISCO SCHIMIDT CORREA', 'Branca'),
(798, 'POSTO CLARET LTDA MATRIZ', 'AV TANCREDO NEVES, 400', '', 'JD CLARET', 'Rio Claro', NULL, 'FRANCISCO JOSE SCHIMITT CORREA', 'Branca'),
(809, 'AUTO POSTO SALTINHO LTDA', 'ROD SP 127, 0', 'KM 50,9', 'N SRA APAREC I', 'Saltinho', NULL, 'JOSE LUCIO CASSANO', 'Raizen'),
(839, 'AUTO POSTO POSSENSE LTDA', 'AV SAUDADE, 143', '', 'CENTRO', 'Sto A Posse ', NULL, 'ANA CLAUDIA LEITE FERRARI', 'Raizen'),
(841, 'LUIZ ANTONIO MENUZZO', 'R DR JORGE TIBIRICA, 426', '', 'CENTRO', 'Sto A Posse ', NULL, 'LUIS ANTONIO MENUZZO', 'Raizen'),
(890, 'CIDADE NOVA COMERCIO DE COMBUSTIVEIS LTDA', 'R DO COURO, 1133', '', 'CIDADE NOVA', 'Santa Barbara D''Oeste', NULL, 'MARCOS SALVADORI', 'Petrobras'),
(894, 'KEEPER AUTO POSTO LTDA', 'R DA VARZEA, 2140', '', 'VL STA TEREZINHA', 'Várzea Pta', NULL, 'ULISSES PINA', 'Raizen'),
(925, 'AUTO POSTO TAPERA LTDA', 'AUTO EST FRANCISCO VON ZUBEN, 1451', '', 'DAS NACOES', 'Valinhos', NULL, 'FLAVIO MARTINI DE SOUZA CAMPOS', 'Petrobras'),
(937, 'IRMAOS LONGUINI LTDA', 'R QUINZINHO OTAVIO, 350', '', 'CENTRO', 'Vargem G do Sul ', NULL, 'JOSE GERALDO LONGUINI', 'Raizen'),
(948, 'SANDRA REGINA BARSI', 'R MANOEL MATHEUS, 739', '', 'JD STA ROSA', 'Vinhedo', NULL, 'SANDRA REGINA BARSI', 'Ipiranga'),
(970, 'POSTO AVENIDA SHOPPING LTDA', 'AV JOSE BONIFACIO, 1237', '', 'FLAMBOYANT', 'Campinas', NULL, 'LUIZ CARLOS MONTEIRO', 'Raizen'),
(977, 'AUTO POSTO SUCAO LTDA', 'R JULIA MARIA GALIETA, 19', '', 'JD N TERRA', 'Sumaré', NULL, 'FRANCISCO DA SILVA CARVALHO', 'Ipiranga'),
(1003, 'AUTO POSTO SAO CRISTOVAO GUACU LTDA', 'R JULIO FERNANDES, 917', '', 'M PRADO JR', 'Mogi Guaçu', NULL, 'MOISES FADEL', 'Branca'),
(1006, 'GT COMBUSTIVEIS E SERVICOS LTDA', 'AV PIRACICAMIRIM, 2511', '', 'PIRACICAMIRIM', 'Piracicaba', NULL, 'AUGUSTO CESAR BROCCHI MAFIA', 'Raizen'),
(1013, 'EUROPA EMPREENDIMENTOS LTDA FILIAL', 'R CORONEL LEME, 499', '', 'CENTRO', 'Bragança Pta', NULL, 'CRISTIANO ESCOBAR NOVAES PUPO', 'Raizen'),
(1021, 'COMERCIO DE DERIVADOS PETROLEO RECREIO CAMPESTRE LTDA', 'AV FRANCISCO DE PAULA LEITE, 3385', '', 'REC CAMPESTRE', 'Indaiatuba', NULL, 'PAULO FRANCISCO OLIVEIRA', 'Raizen'),
(1036, 'AUTO POSTO FORMAGIO LTDA', NULL, NULL, NULL, 'A de Lindóia', 'SP', NULL, NULL),
(1067, 'AUTO POSTO VITORIA DE MOGI MIRIM LTDA', 'AV EXPEDITO QUARTIERI, 1097', '', 'VL UNIVERSITARIA', 'Mogi Mirim ', NULL, 'GUSTAVO DE ANDRADE NAVES', 'Branca'),
(1099, 'AUTO POSTO NOVA VENEZA LTDA', 'AV DA AMIZADE, 4396', '', 'NOVA VENEZA', 'Sumaré', NULL, 'ENEIDA A SOBRAL JIRSCHIK', 'Petrobras'),
(1101, 'AUTO POSTO CAPELA VINHEDO LTDA', 'R ANTONIO AMSTALDEN, 200', '', 'CAPELA', 'Vinhedo', NULL, 'NARCISO MENDES', 'Petrobras'),
(1110, 'POSTO DE PETROLEO E ETANOL UNIVERSITARIO LTDA', 'AV INDEPENDENCIA, 5600', NULL, 'CENTRO', 'Vinhedo', 'SP', NULL, NULL),
(1119, 'VITRINE COMERCIO VAREJISTA DE COMBUSTIVEIS LTDA', 'AV JUNDIAI, 770', '', 'ANHANGABAU', 'Jundiaí', NULL, 'ULISSES PINA', 'Raizen'),
(1120, 'POSTO SOARES GANDRA LTDA', NULL, NULL, NULL, 'Jundiaí', 'SP', NULL, 'Branca'),
(1122, 'ORGANIZACAO COMERCIAL LAGO AZUL LTDA FILIAL 2', 'ROD DOS BANDEIRANTES, 0', 'KM 63,8', 'JD TULIPAS', 'Jundiaí', NULL, 'CASSIANO BENEDITO FRAIHA LOURENCAO', 'Ipiranga'),
(1125, 'POSTO MODELO DE LIMEIRA LTDA', 'R BOA MORTE, 33', '', 'CENTRO', 'Limeira', NULL, 'LUIZ CARLOS MONTEIRO', 'Ipiranga'),
(1165, 'AUTO POSTO TELLES LTDA', 'AV ITATIBA, 600', '', 'VL RIO BRANCO', 'Jundiaí', NULL, 'ULISSES PINA', 'Raizen'),
(1200, 'AUTO POSTO ARARA AZUL DE CORDEIROPOLIS LTDA', 'AV VEREADOR VILSON DIORIO, 90', '', 'CENTRO', 'Cordeirópolis', 'SP', NULL, 'Petrobras'),
(1234, 'AUTO POSTO EXPRESS DE VALINHOS LTDA', 'AV DOS ESPORTES, 1178', NULL, 'JD PLANALTO', 'Valinhos', 'SP', NULL, 'Raizen'),
(1248, 'AJA COMERCIO DE DERIVADOS DE PETROLEO LTDA', 'AV PREFEITO NELSON CUNHA, 611', '', 'JD SAO LUIZ', 'Conchal', NULL, 'EDSON BLASCKE', 'Branca'),
(1251, 'POSTO ALGODOAL PIRACICABA LTDA', 'R OTAVIANO DE ASSIS, 101', '', 'VL REZENDE', 'Piracicaba', NULL, 'HAROLDO CESAR DE MOURA', 'Raizen'),
(1253, 'POSTO DONA FRANCISCA MR LTDA', 'AV DONA FRANCISCA, 410', '', 'VL REZENDE', 'Piracicaba', NULL, 'MARCO APRILI RAYA', 'Raizen'),
(1286, 'POSTO HOT GAS LTDA', 'AV DR FABRICIO VAMPRE, 119', '', 'JD PIRATININGA', 'Limeira', NULL, 'APARECIDA O D MENEZES', 'Branca'),
(1289, 'AUTO POSTO MB LTDA', NULL, NULL, NULL, 'Limeira', 'SP', NULL, 'Branca'),
(1291, 'AUTO POSTO MARRAKECH LTDA', 'ROD ANHANGUERA, 0', 'KM 155', 'CASCALHO', 'Cordeirópolis', NULL, 'ENEIDA A SOBRAL JIRSCHIK', 'Petrobras'),
(1309, 'ABDELNOR II COMERCIO COMBUSTIVEIS LTDA', 'AV PRESIDENTE KENNEDY, 728', '', 'CIDAD NVA I', 'Indaiatuba', NULL, 'ANIS ABDELNOR', 'Ipiranga'),
(1313, 'ABDELNOR III COMERCIO DE COMBUSTIVEIS LTDA', 'AV CONCEICAO, 2044', '', 'CID NOVA II', 'Indaiatuba', NULL, 'ANIS ABDELNOR', 'Ale'),
(1319, 'POSTO AMIGAO DE ITUPEVA LTDA', 'R ADELIA DE OLIVEIRA, 30', '', 'PACAEMBU', 'Itupeva', NULL, 'FRANCISCO RODRIGUES DA SILVA', 'Raizen'),
(1349, 'AUTO POSTO ITAMARATY LEME LTDA', 'AV VISCONDE DE NOVA GRANADA, 1500', '', 'GROSSKLAUSS', 'Leme', NULL, 'SERGIO HENRIQUE BROTTO', 'Branca'),
(1354, 'POSTO RIO CLARO CENTER SHOPPING LTDA', 'R UM B, 32', '', 'H FLORESTAL', 'Rio Claro', NULL, 'HAROLDO CESAR DE MOURA', 'Raizen'),
(1364, 'AUTO POSTO JP CONCHAL LTDA', 'R MOGI MIRIM, 590', '', 'CENTRO', 'Conchal', NULL, 'PAULO DEARO DIAS', 'Branca'),
(1426, 'AUTO POSTO SENA SAO JOSE LTDA', 'R MARECHAL DEODORO, 39', '', 'CENTRO', 'S Jose R Pardo ', NULL, 'ANDREIA VILELA NASSER OCANHA', 'Branca'),
(1437, 'COMERCIAL DE COMBUSTIVEIS ALPHAPOLLO LTDA', 'AV ARACA, 17', NULL, 'ALPHAVILLE', 'Campinas', 'SP', NULL, NULL),
(1449, 'BRASIL TROPICAL PETROLEO LTDA', 'AV BRASIL, 963', '', 'VL MARTINS', 'Rio Claro', NULL, 'RAFAEL PIFALDINI', 'Branca'),
(1467, 'AUTO POSTO P3 LTDA', 'AV DR LAURO CORREA DA SILVA, 4485', '', 'JD ROSEIRA', 'Limeira', NULL, 'RAFAEL PIFALDINI', 'Branca'),
(1472, 'AGUA BRANCA COMBUSTIVEIS E SERVICOS LTDA', 'AV AGUA BRANCA, 500', '', 'HIGIENOPOLIS', 'Piracicaba', NULL, 'AUGUSTO CESAR BROCCHI MAFIA', 'Raizen'),
(1473, 'POSTO FERRAZ & FERRAZ LTDA', 'R DR MARINO COSTA TERRA, 2451', '', 'VL PAGANO', 'Valinhos', NULL, 'FRANCISCO DA SILVA CARVALHO', 'Ipiranga'),
(1474, 'RODOPOSTO BANDEIRANTES DE JUNDIAI LTDA', 'ROD BANDEIRANTES, 0', 'KM 56,5', 'CH MALOTA', 'Jundiaí', NULL, 'PAULO SERGIO ALVES', 'Petrobras'),
(1504, 'CENTRO AUTOMOTIVO RIVIERA TROPICAL LTDA', NULL, NULL, NULL, 'Indaiatuba', 'SP', NULL, NULL),
(1515, 'AUTO POSTO LAGOA BONITA LTDA ME', 'ROD SP 332, 0', 'KM156+700 MTS', 'SEDE', 'Artur Nogueira', NULL, 'CIBELE FABIANA FERREIRA', 'Branca'),
(1536, 'RODOPOSTO BANDEIRANTES NORTE LTDA', 'ROD DOS BANDEIRANTES, 0', 'KM 125', 'ZONA RURAL', 'Santa Barbara D''Oeste', NULL, 'ANTONIO JULIO MACORANO', 'Ipiranga'),
(1538, 'TM COMBUSTIVEIS E SERVICOS LTDA', 'AV INDEPEDENCIA, 2883', NULL, 'DOS ALEMAES', 'Piracicaba', 'SP', NULL, 'Raizen'),
(1539, 'RODOPOSTO BANDEIRANTES SUL LTDA', 'ROD DOS BANDEIRANTES, 0', 'KM 125', 'ZONA RURAL', 'Santa Barbara D''Oeste', NULL, 'ANTONIO JULIO MACORANO', 'Ipiranga'),
(1552, 'AUTO POSTO ZORZETTO & ANTONIALLI LTDA', 'AV MOGI MIRIM, 74', '', 'CENTRO', 'Mogi Guaçu', NULL, 'ROBERTO ANTONIALLI JUNIOR', 'Raizen'),
(1567, 'AUTO POSTO JARDIM COLONIAL LTDA', 'AV MANOEL RUZ PEREZ, 2550', '', 'JD HUBERT', 'Indaiatuba', NULL, 'EDMILSON MARTINS', 'Raizen'),
(1623, 'POSTO RADIAL NORTE SUL DE PIRACICABA LTDA', 'AV CRISTOVAO COLOMBO, 2088', '', 'JD S VICENTE', 'Piracicaba', NULL, 'HAROLDO CESAR DE MOURA', 'Raizen'),
(2175, 'POSTO DE SERVICO AUTOMOTIVO JURITI DE GUARULHOS LTDA', 'AV TAMOTSU IWASSE, 1250', 'QUADRA 94 LT 15A20', 'BOSNSUCESSO', 'Guarulhos', NULL, 'JOSE ALBERTO MIRANDA CRAVO ROXO', 'Branca'),
(2191, 'CENTRO AUTOMOTIVO JOAO COTIA LTDA', 'AV ENG OSCAR KESSELRING, 344', '', 'JD BELVAL', 'Barueri', NULL, '', 'Branca'),
(3654, 'CARRETEIRO REVENDEDOR DE PETROLEO E DERIVADOS LTDA MATRIZ', 'ROD PRES DUTRA, 0', 'KM 221,1 SENTIDO SP', 'MACEDO', 'Guarulhos', NULL, 'MIGUEL TAKAME HASHIMOTO', 'Petrobras'),
(3655, 'CARRETEIRO REVENDEDOR DE PETROLEO E DERIVADOS LTDA FILIAL', 'ROD PRES DUTRA, 0', 'KM 221,1 SENTIDO RJ', 'MACEDO', 'Guarulhos', NULL, 'MIGUEL TAKAME HASHIMOTO', 'Petrobras'),
(4836, 'AUTO POSTO OLIMPIKUS LTDA MATRIZ', 'AV PAPA JOAO PAULO I, 1226', '', 'PRQ S LUIZ', 'Guarulhos', NULL, 'JOSE ALBERTO MIRANDA CRAVO ROXO', 'Ale'),
(5112, 'AUTO POSTO CECI LTDA', 'AV CECI, 1090', '', 'PLTO PAULISTA', 'São Paulo', NULL, 'JOSE LUIZ VIEIRA', 'Raizen'),
(7523, 'POSTO AVENIDA MARGINAL DE ITU LTDA', 'AV DR OCTAVIANO PEREIRA MENDES, 970', '', 'TABOAO', 'Itu', NULL, 'PAULO FRANCISCO DE OLIVEIRA', 'Raizen'),
(7806, 'COMLUBRI AUTO POSTO LTDA', 'AL ARAGUACEMA, 24', '', 'TAMBORE', 'Barueri', NULL, 'MARCELO GUARDA CURY', 'Ipiranga'),
(7813, 'AUTO POSTO SOLAR DAS TERRAS LTDA', 'R MERCEDES S FRANCISCHINELLE, 201', '', 'PRQ INDUSTRIAL', 'Itu', NULL, 'EMILIO ROBERTO CHIERIGNI MARTINS', 'Raizen'),
(8368, 'DIORAMA AUTO POSTO LTDA', 'R PIRACICABA, 929', NULL, 'JD NV C ELISEOS', 'Campinas', 'SP', NULL, NULL),
(8375, 'AMIGAO POSTO DE SERVICOS LTDA', 'AV DA AMIZADE, 663', '', 'JD ADELIA', 'Santa Barbara D''Oeste', NULL, 'LUIS CARLOS MONTEIRO', 'Raizen'),
(19944, 'REDE N BRASIL DE POSTOS DE COMBUSTIVEIS LTDA', 'R PASCHOAL GIANFRANCESCO, 60', '', 'JD PALMEIRAS', 'Várzea Pta', NULL, 'ROMEU NIVALONE', 'Raizen'),
(19946, 'POSTO DE SERVICOS SAO JOAQUIM LTDA', 'AV DR TIMOTEO PENTEADO, 3894', '', 'VILA GALVAO', 'Guarulhos', NULL, 'VITOR MANUEL RAMALHA PEDRO', 'Raizen'),
(19947, 'AUTO POSTO JAN LTDA', 'R NOSSA SRA MAE DOS HOMENS, 621', '', 'VL PROGRESSO', 'Guarulhos', NULL, 'MANUEL DUARTE PEDRO', 'Raizen'),
(19962, 'AUTO POSTO PORTO DA IGREJA LTDA', 'ROD PRESIDENTE DUTRA, 0', 'KM 222+600 MTS', 'DO PORTO', 'Guarulhos', NULL, 'KATIA HASHIMOTO HIRATA', 'Raizen'),
(19992, 'AUTO POSTO AMERICANENSE LTDA', 'R IACANGA, 359', '', 'JD IPIRANGA', 'Americana', NULL, 'CRISTIANO ROBERTO CANTUSIO ABRAHAO', 'Ipiranga'),
(20007, 'VALE AZUL COMERCIO E DERIVADOS DE PETROLEO LTDA EPP', NULL, NULL, NULL, 'S João B Vista', 'SP', NULL, NULL),
(20043, 'AUTO POSTO ESPLANADA DE INDAIA LTDA', 'AV ENG FABIO ROBERTO BARNABE, 2430', '', 'JD ESPLANADA', 'Indaiatuba', NULL, 'NELSON DOS SANTOS RODRIGUES', 'Ipiranga'),
(20057, 'POSTO PORTAL DE AMERICANA LTDA', 'R MAURO SCHIAVONI, 27', '', 'JD HELENA', 'Americana', NULL, 'EDUARDO MENUZZO', 'Raizen'),
(20090, 'POSTO DE SERVICOS BONGUE LTDA', 'AV INVESTIGADOR LUCIDIO LEITE, 35', '', 'DAS ONDAS', 'Piracicaba', NULL, 'LUIZ CARLOS MONTEIRO', 'Raizen'),
(20145, 'CAPTIVA AUTO POSTO E SERVICOS LTDA', NULL, NULL, NULL, 'Campinas', 'SP', NULL, 'Branca'),
(20149, 'POSTO DE SERVICOS P4 LTDA', 'AV DOS ESTUDANTES, 3000', '', 'PQ MAE PRETA', 'Rio Claro', NULL, 'ESIDO APARECIDO PIFALDINI', 'Branca'),
(20150, 'V8 ITUPEVA AUTO POSTO LTDA', 'AV EMILIO CHECHINATO, 900', '', 'S J DA VIA SACRA', 'Itupeva', NULL, 'MARCO POLLO', 'Branca'),
(20190, 'POSTO PORTAL DO PARQUE LTDA', 'AV GETULIO VARGAS, 952', '', 'JD ELIZABETH', 'Salto', NULL, 'FLAVIO MARTINI DE SOUZA CAMPOS', 'Raizen'),
(20213, 'AUTO POSTO F3 LTDA', NULL, NULL, NULL, 'Taubaté', 'SP', NULL, 'Branca'),
(20238, 'AUTO POSTO JARDIM DAS PALMAS LTDA', NULL, NULL, NULL, 'São Paulo', 'SP', NULL, NULL),
(20320, 'AUTO POSTO BAP LTDA', NULL, NULL, NULL, 'São Paulo', 'SP', NULL, NULL),
(20321, 'COMERCIO VAREJISTA DE COMBUSTIVEIS VIA SUL LTDA', NULL, NULL, NULL, 'São Paulo', 'SP', NULL, NULL),
(20322, 'PONTO COM POSTO DE ABASTECIMENTO E SERVICOS LTDA', NULL, NULL, NULL, 'Barueri', 'SP', NULL, NULL),
(20323, 'DEL REY  COMBUSTIVEIS LTDA', NULL, NULL, NULL, 'Carapicuíba', 'SP', NULL, NULL),
(20325, 'AUTO POSTO JALISCO LTDA', NULL, NULL, NULL, 'São Paulo', 'SP', NULL, NULL),
(20583, 'POSTO RECREIO OURO LTDA', 'R OURO, 382', NULL, 'RECREIO C JOIA', 'Indaiatuba', 'SP', NULL, NULL),
(20586, 'POSTO LIMEIRANEA LTDA', 'R JOAQUIM DANIEL DOS SANTOS, 625', NULL, 'JD S VERGUEIRO', 'Limeira', 'SP', NULL, 'Raizen');

-- --------------------------------------------------------

--
-- Table structure for table `telefone`
--

CREATE TABLE IF NOT EXISTS `telefone` (
`id_telefone` int(25) NOT NULL,
  `id_posto` int(25) NOT NULL,
  `telefone` varchar(50) DEFAULT NULL
) ENGINE=InnoDB  DEFAULT CHARSET=utf8 AUTO_INCREMENT=174 ;

--
-- Dumping data for table `telefone`
--

INSERT INTO `telefone` (`id_telefone`, `id_posto`, `telefone`) VALUES
(1, 0, '982490715'),
(2, 4, '(19) 3652-1125'),
(3, 11, '(11) 4033-6000'),
(4, 16, '(19) 3478-2123'),
(5, 35, '(19) 3468-4343'),
(6, 44, NULL),
(7, 45, '(19) 3208-0255'),
(8, 79, '(19) 3256-7578'),
(9, 100, '(11) 4402-1077'),
(10, 103, '(19) 3256-9497'),
(11, 123, '(11) 4034-5232'),
(12, 126, '(11) 4034-0001'),
(13, 143, '(19) 3251-3622'),
(14, 145, '(19) 3242-3733'),
(15, 152, '(19) 3202-9950'),
(16, 154, '(19) 3241-0495'),
(17, 157, '(19) 3727-1500'),
(18, 158, '(19) 3289-5991'),
(19, 163, '(19) 3241-9491'),
(20, 169, '(19) 3266-6690'),
(21, 171, NULL),
(22, 179, '(19) 3227-0765'),
(23, 183, '(19) 3223-3736'),
(24, 184, NULL),
(25, 188, '(19) 3579-3045'),
(26, 190, '(19) 3252-1103'),
(27, 202, '(19) 3276-3237'),
(28, 203, '(19) 3241-3061'),
(29, 216, '(19) 3276-0355'),
(30, 219, NULL),
(31, 220, NULL),
(32, 225, NULL),
(33, 235, '(19) 3225-8320'),
(34, 238, '(19) 3276-4899'),
(35, 239, '(19) 3276-0700'),
(36, 250, '(19) 3252-1850'),
(37, 252, '(19) 3251-9323'),
(38, 260, '(19) 3241-9222'),
(39, 270, NULL),
(40, 272, '(19) 3251-0154'),
(41, 274, '(19) 3236-5504'),
(42, 283, '(19) 3242-1871'),
(43, 293, '(19) 3228-9800'),
(44, 298, '(19) 3233-6060'),
(45, 302, '(19) 3251-0757'),
(46, 310, '(19) 3491-3551'),
(47, 324, '(19) 3866-1170'),
(48, 326, '(19) 3546-1059'),
(49, 348, '(19) 3466-1171'),
(50, 368, '(19) 3875-1414'),
(51, 370, '(19) 3875-2506'),
(52, 371, '(19) 3834-5257'),
(53, 372, '(19) 3935-7871'),
(54, 385, '(19) 3863-1311'),
(55, 407, '(19) 3575-1171'),
(56, 426, '(11) 4539-9296'),
(57, 451, NULL),
(58, 484, '(11) 4607-9204'),
(59, 502, '(19) 3848-1001'),
(60, 526, '(19) 3251-0616'),
(61, 541, '(19) 3453-5180'),
(62, 543, '(19) 3444-2936'),
(63, 548, '(19) 3242-8303'),
(64, 550, NULL),
(65, 561, '(19) 3452-1088'),
(66, 565, '(19) 3445-4238'),
(67, 574, NULL),
(68, 576, '(19) 3404-2750'),
(69, 585, '(19) 3878-4388'),
(70, 587, '(11) 4582-5727'),
(71, 591, '(19) 3442-0178'),
(72, 600, '(19) 3831-1395'),
(73, 602, '(19) 3861-2994'),
(74, 604, '(19) 3561-8511'),
(75, 629, '(19) 3862-2681'),
(76, 665, '(19) 3893-2075'),
(77, 671, NULL),
(78, 673, '(11) 4036-7158'),
(79, 713, '(19) 3302-6004'),
(80, 737, '(19) 3421-5092'),
(81, 741, '(11) 4034-3628'),
(82, 760, NULL),
(83, 763, '(19) 3936-3480'),
(84, 774, '(19) 3524-2080'),
(85, 788, '(19) 3534-2639'),
(86, 797, '(19) 3527-2490'),
(87, 798, '(19) 3534-1977'),
(88, 809, '(19) 3439-1499'),
(89, 839, '(19) 3896-1369'),
(90, 841, '(19) 3896-1219'),
(91, 890, '(19) 3458-2089'),
(92, 894, '(11) 4595-5325'),
(93, 925, '(19) 3869-4107'),
(94, 937, '(19) 3641-1418'),
(95, 948, '(19) 3876-1415'),
(96, 970, '(19) 3254-7785'),
(97, 977, '(19) 3854-6464'),
(98, 1003, '(19) 3841-1078'),
(99, 1006, '(19) 3433-1979'),
(100, 1013, '(11) 4033-4468'),
(101, 1021, '(19) 3935-3060'),
(102, 1036, NULL),
(103, 1067, '(19) 3804-1735'),
(104, 1099, '(19) 3832-5816'),
(105, 1101, '(19) 3826-5311'),
(106, 1110, NULL),
(107, 1119, '(11) 4521-6741'),
(108, 1120, NULL),
(109, 1122, '(11) 4581-5012'),
(110, 1125, '(19) 3441-2362'),
(111, 1165, '(11) 4521-0907'),
(112, 1200, NULL),
(113, 1234, NULL),
(114, 1248, '(19) 3866-4618'),
(115, 1251, '(19) 3413-3396'),
(116, 1253, '(19) 3421-2534'),
(117, 1286, '(19) 3444-4232'),
(118, 1289, NULL),
(119, 1291, '(19) 3546-2230'),
(120, 1309, '(19) 3885-3131'),
(121, 1313, '(19) 3875-7989'),
(122, 1319, '(11) 4591-3605'),
(123, 1349, '(19) 3555-1218'),
(124, 1354, '(19) 3534-0661'),
(125, 1364, '(19) 3866-4592'),
(126, 1426, '(19) 3608-3937'),
(127, 1437, NULL),
(128, 1449, '(19) 3534-6106'),
(129, 1467, '(19) 3441-6594'),
(130, 1472, '(19) 3433-1979'),
(131, 1473, '(19) 3829-4314'),
(132, 1474, '(11) 4531-8612'),
(133, 1504, NULL),
(134, 1515, '(19) 3827-2803'),
(135, 1536, '(19) 3459-4900'),
(136, 1538, NULL),
(137, 1539, '(11) 3464-9740'),
(138, 1552, '(19) 3818-0119'),
(139, 1567, '(19) 3816-4626'),
(140, 1623, '(19) 3413-4633'),
(141, 2175, '(11) 2432-5044'),
(142, 2191, '(11) 4163-3813'),
(143, 3654, '(11) 2408-7080'),
(144, 3655, '(11) 2408-7080'),
(145, 4836, '(11) 2432-5044'),
(146, 5112, '(11) 2276-0761'),
(147, 7523, '(11) 4022-4224'),
(148, 7806, '(11) 4195-1840'),
(149, 7813, '(11) 4024-6047'),
(150, 8368, NULL),
(151, 8375, '(19) 3473-0808'),
(152, 19944, '(11) 4595-3805'),
(153, 19946, '0'),
(154, 19947, '(11) 2440-4513'),
(155, 19962, '(11) 2408-3666'),
(156, 19992, '(19) 3604-3894'),
(157, 20007, NULL),
(158, 20043, '(19) 3318-3536'),
(159, 20057, '(19) 3468-6778'),
(160, 20090, '(19) 3427-2605'),
(161, 20145, NULL),
(162, 20149, '(19) 3441-6594'),
(163, 20150, '(11) 4496-9333'),
(164, 20190, '(11) 4021-2764'),
(165, 20213, NULL),
(166, 20238, NULL),
(167, 20320, NULL),
(168, 20321, NULL),
(169, 20322, NULL),
(170, 20323, NULL),
(171, 20325, NULL),
(172, 20583, NULL),
(173, 20586, NULL);

--
-- Indexes for dumped tables
--

--
-- Indexes for table `celular`
--
ALTER TABLE `celular`
 ADD PRIMARY KEY (`id_celular`), ADD KEY `id_posto` (`id_posto`), ADD KEY `id_posto_2` (`id_posto`), ADD KEY `id_posto_3` (`id_posto`);

--
-- Indexes for table `email`
--
ALTER TABLE `email`
 ADD PRIMARY KEY (`id_email`), ADD UNIQUE KEY `id_emails_2` (`id_email`), ADD KEY `id_emails` (`id_email`), ADD KEY `id_posto` (`id_posto`);

--
-- Indexes for table `login`
--
ALTER TABLE `login`
 ADD PRIMARY KEY (`id_login`), ADD UNIQUE KEY `cnpj` (`cnpj`), ADD KEY `id_posto` (`id_posto`);

--
-- Indexes for table `permissao`
--
ALTER TABLE `permissao`
 ADD PRIMARY KEY (`id_permissao`), ADD KEY `id_posto` (`id_posto`);

--
-- Indexes for table `posto`
--
ALTER TABLE `posto`
 ADD PRIMARY KEY (`id_posto`);

--
-- Indexes for table `telefone`
--
ALTER TABLE `telefone`
 ADD PRIMARY KEY (`id_telefone`), ADD KEY `id_posto` (`id_posto`);

--
-- AUTO_INCREMENT for dumped tables
--

--
-- AUTO_INCREMENT for table `celular`
--
ALTER TABLE `celular`
MODIFY `id_celular` int(25) NOT NULL AUTO_INCREMENT,AUTO_INCREMENT=174;
--
-- AUTO_INCREMENT for table `email`
--
ALTER TABLE `email`
MODIFY `id_email` int(25) NOT NULL AUTO_INCREMENT,AUTO_INCREMENT=210;
--
-- AUTO_INCREMENT for table `login`
--
ALTER TABLE `login`
MODIFY `id_login` int(25) NOT NULL AUTO_INCREMENT,AUTO_INCREMENT=174;
--
-- AUTO_INCREMENT for table `permissao`
--
ALTER TABLE `permissao`
MODIFY `id_permissao` int(25) NOT NULL AUTO_INCREMENT,AUTO_INCREMENT=175;
--
-- AUTO_INCREMENT for table `telefone`
--
ALTER TABLE `telefone`
MODIFY `id_telefone` int(25) NOT NULL AUTO_INCREMENT,AUTO_INCREMENT=174;
--
-- Constraints for dumped tables
--

--
-- Constraints for table `celular`
--
ALTER TABLE `celular`
ADD CONSTRAINT `fk_celulares_id_postos` FOREIGN KEY (`id_posto`) REFERENCES `posto` (`id_posto`) ON DELETE CASCADE ON UPDATE CASCADE;

--
-- Constraints for table `email`
--
ALTER TABLE `email`
ADD CONSTRAINT `fk_emails_id_postos` FOREIGN KEY (`id_posto`) REFERENCES `posto` (`id_posto`) ON DELETE CASCADE ON UPDATE CASCADE;

--
-- Constraints for table `login`
--
ALTER TABLE `login`
ADD CONSTRAINT `fk_login_id_posto` FOREIGN KEY (`id_posto`) REFERENCES `posto` (`id_posto`) ON DELETE CASCADE ON UPDATE CASCADE;

--
-- Constraints for table `permissao`
--
ALTER TABLE `permissao`
ADD CONSTRAINT `fk_permissoes_id_posto` FOREIGN KEY (`id_posto`) REFERENCES `posto` (`id_posto`) ON DELETE CASCADE ON UPDATE CASCADE;

--
-- Constraints for table `telefone`
--
ALTER TABLE `telefone`
ADD CONSTRAINT `fk_telefones_id_postos` FOREIGN KEY (`id_posto`) REFERENCES `posto` (`id_posto`) ON DELETE CASCADE ON UPDATE CASCADE;

/*!40101 SET CHARACTER_SET_CLIENT=@OLD_CHARACTER_SET_CLIENT */;
/*!40101 SET CHARACTER_SET_RESULTS=@OLD_CHARACTER_SET_RESULTS */;
/*!40101 SET COLLATION_CONNECTION=@OLD_COLLATION_CONNECTION */;
